Name,Rating,Ease of Prep,Notes,Type,Prep Time,Photo,Cookbook,Page #,Ingredients,Slowcooker,Link,Last Made,Make It Next
Jamaican Jerk Chicken,⭐⭐⭐⭐⭐,Average,Luke loved this one,Main Dish,30,,Taste From Home,,Chicken,,,12/8/2018,28/12/2018
Pasta Salad,⭐⭐⭐,Fairly Easy,Make night before,Salad,20,,Taste From Home,,"Kielbasa,Noodles",,,,#ERROR
Lasagna,⭐⭐⭐,Fairly Easy,Make night before,Main Dish,45,,Taste From Home,,"Sausage,Noodles",,,1/6/2019,22/2/2019
Hearty Pancakes,⭐⭐⭐⭐,Average,Makes enough for 2 days,Breakfast,20,Image 29 April 2017 07:50 AM.jpg (https://v5.airtableusercontent.com/v1/16/16/1682006400000/MSVt4oEeizlPLy-mSGAw3Q/0n1er9zfici6J3YY-dwqu11YRTrlooXnWI1dStW6_VGL7g7x41EgOVWWVsydmVJyXBVaIbcCR449eQygvepJYQ/rWj712kfSRmvxBu0SGQ6J-ZQkfBsNIssLoYqd89RZiM),Taste From Home,,"Milk,Eggs,Corn Meal",,,,#ERROR
Summer Garden Couscous Salad,⭐⭐⭐⭐,Hard,,Salad,30,Image 08 May 2017 07:00 PM.jpg (https://v5.airtableusercontent.com/v1/16/16/1682006400000/x-YhdC2ScOgcDdarZFPGMQ/KucMUFg1tPB7eIyDq2HeFSiwlPB6OLji6DrASCSM0-_j0et2mjYCZbJoJEVu4EEYbtIc-agprLJtwDwf4R0Rog/e8ZHCPMrgATkx7MvI8AZbMvIorpCeLoIUxknk2-BWIU),Taste of Home,287,Vegetarian,,,11/18/2018,18/12/2018
Squash Corn Chowder,⭐⭐,Hard,,Main Dish,45,Image 08 May 2017 07:06 PM.jpg (https://v5.airtableusercontent.com/v1/16/16/1682006400000/8FyDRHC8vkKPyDv9laquNQ/VoHQyU1lq1vrjczufM0SRSWv_NaLi4UNCHmJF3P4d29sRWh5vbbY59oHQjiiDWPAJnSexwvjRxG6lWQs2sYJjQ/kXT8c2ieePyPOoWSo2DfMEUMrIx7Zk2KUEfzsjmpRW4),Taste From Home,,"Vegetarian,Potatoes",,,5/8/2017,9/7/2017
"White beans, tomatoes, and spinach",⭐⭐⭐,Fairly Easy,Luke likes this one,Main Dish,30,Image 10 May 2017 07:14 PM.jpg (https://v5.airtableusercontent.com/v1/16/16/1682006400000/hJ1NxgM9EnwQr1e88f9vTg/iZVNrH0V8fNLpzlWN1PzIpbBhAjq9kQnZPAj8LS5v6uPHeLW_1fd-iw5zxKAo7JnwWCuglbksYMwJBqD7JaxwQ/wpvnNXAEoCFfnKIo-xPofDxh5uZVQAUjOsT6BtW3IMs),Taste From Home,,"Rice,Vegetarian,Beans,Eggs",,,1/7/2019,23/2/2019
Spaghetti,⭐⭐⭐⭐⭐,Super Simple,,Main Dish,15,,Taste From Home,,"Noodles,Marinara Sauce",,,6/4/2018,24/6/2018
Scones,⭐⭐⭐⭐⭐,Super Simple,Make dough night before,Baking Basics,45,Image 23 June 2017 11:21 AM.jpg (https://v5.airtableusercontent.com/v1/16/16/1682006400000/SCLB0YCQm2XfLxfWGzpJfA/liiErPLodFP729yhzKtXdpO60InUBTeAn9FFUmDVQ2cVKBvZq2wdnCLsSCaNTker87y6qqfNHNgYBs8nqtroRg/GJN9UBwtedhlMaygQheSYGv4wzhuTDMcLd3g3cEGJk8),"Pinterest,Taste of Home",,,,,5/13/2017,2/6/2017
Pizza,⭐⭐⭐⭐⭐,Average,Use half whole wheat flour,Main Dish,120,Image 14 May 2017 02:11 PM.jpg (https://v5.airtableusercontent.com/v1/16/16/1682006400000/HgVydztTUJjO00-eae_zQA/9mcItukxwtAyeOLIAYh3EE-SNJN2e8SWSwaWqROJD8AI8L7_dtO9226h2T6Rmfsxpw_V6_i3HqwVswzlSuYf_Q/thdqM-qZ0yBMrQm7_Dyo5pMHljuYQOCH4qJkXy6EMh0),Taste From Home,,"Sausage,Cheese",,,5/5/2017,25/5/2017
Stir-Fry,⭐⭐⭐⭐⭐,Fairly Easy,,Main Dish,25,,Taste of Home,4,"Chicken,Rice",,,2/5/2019,25/2/2019
Rustic Italian Tortellini Soup,⭐⭐⭐⭐,Hard,,Main Dish,30,,Taste of Home,62,"Sausage,Noodles,Cheese",,,6/18/2017,18/7/2017
Swedish Meatballs,⭐⭐⭐,Very Difficult,,Main Dish,90,,Taste of Home,110,"Beef,Noodles,Eggs",,,,#ERROR
Barley Beef Skillet,⭐⭐⭐⭐,Super Simple,,Main Dish,25,,Taste of Home,114,Beef,,,6/12/2017,12/7/2017
Southwest Beef & Rice Skillet,⭐⭐⭐⭐⭐,Super Simple,,Main Dish,25,Image 23 June 2017 11:22 AM.jpg (https://v5.airtableusercontent.com/v1/16/16/1682006400000/JegH2vuhszjecyR91sHC9g/KvD_JiTjfpcTvZngtIGvLOz1U_v51ZubYOdbf-HHp1s7arHBts9YPIp2mKAinPK0tRLeZElDOLUUjYLjfxCuFw/crLzl9OO_BWD9ZP_Xck8gGuW3xxAD7RJ0zEPyTywN9E),Taste of Home,115,"Beef,Rice,Beans",,,7/29/2018,18/8/2018
Glazed Pork Chops with Corn Bread Dressing,⭐⭐⭐⭐,Average,,Main Dish,45,,Taste of Home,129,Pork,,,,#ERROR
Fried Rice,⭐⭐⭐⭐,Super Simple,,Main Dish,20,,Taste of Home,135,"Chicken,Eggs,Rice",,https://www.tasteofhome.com/recipes/mom-s-fried-rice,1/24/2019,23/2/2019
Zesty Sausage & Beans,⭐⭐⭐⭐⭐,Fairly Easy,,Main Dish,45,,Taste of Home,141,"Sausage,Beans,Rice",checked,,6/16/2017,6/7/2017
Prosciutto Pasta Toss,⭐⭐,Fairly Easy,,Main Dish,30,,Taste of Home,146,"Noodles,Ham",,,,#ERROR
Cashew Chicken with Noodles,⭐⭐⭐⭐⭐,Average,,Main Dish,20,,Taste of Home,175,"Noodles,Chicken",,,,#ERROR
Herb Chicken with Honey Butter,⭐⭐⭐,Average,,Main Dish,30,Image 23 May 2017 05:26 PM.jpg (https://v5.airtableusercontent.com/v1/16/16/1682006400000/rki3cL_QQ0yIimnz1Pj02w/BKgBHSEb1eBjgJuPUbfi_Us8BDJCeD61BjSRROk1bDZDrxw0dsLkiYA6xutQrdW_gTper9100qw9EAuc2tcfJg/DD497JlqkvYcAm1-NjziXeKgIpClRAJgGynSQ-Sj908),Taste of Home,176,Chicken,,,5/23/2017,9/7/2017
French Toast,⭐⭐⭐⭐,Super Simple,,Breakfast,10,,Taste of Home,245,Eggs,,,,#ERROR
Swedish Pancakes,⭐⭐⭐⭐,Fairly Easy,,Breakfast,20,,Taste of Home,245,"Milk,Eggs",,,,#ERROR
Baked Cheddar Eggs & Potatoes,⭐⭐⭐⭐⭐,Fairly Easy,Add bacon,Main Dish,45,Image 20 May 2017 07:52 PM.jpg (https://v5.airtableusercontent.com/v1/16/16/1682006400000/OIRf499EHGUSr8YWF8D6tg/ex4e74RmJEUvWm2ssmjP5Zn5Z1CpyY6HFNOWUgnJxYc7rCseeNlr1zpWsCEux4ct0tC8sI8hH_T7PsZaQdRIQg/VpIVf7Nfky3TF_27cyAfw6jbqttf45BMXS_3tJiAOtU),Taste of Home,277,"Potatoes,Bacon,Cheese,Eggs",,,11/24/2018,14/12/2018
Baked Mostaccioli,⭐⭐⭐⭐⭐,Super Simple,,Main Dish,90,,Taste of Home,284,"Noodles,Marinara Sauce,Cheese,Sausage",,,,#ERROR
Ravioli with Snap Peas,⭐⭐⭐⭐,Hard,,Main Dish,40,,Taste of Home,286,"Noodles,Milk,Cheese",,,7/23/2018,22/8/2018
Cloverleaf Rolls,⭐⭐⭐,Fairly Easy,,Side Dish,30,,Taste From Home,,Milk,,,,#ERROR
Greek Yogurt and Honey Blueberry Muffins,⭐⭐⭐⭐,Average,,Breakfast,30,,Taste From Home,,"Eggs,Milk",,,,#ERROR
Whole Grain Waffles,⭐⭐⭐⭐⭐,Super Simple,,Breakfast,25,,Taste From Home,,"Eggs,Milk",,,,#ERROR
Lemon Bars,⭐⭐⭐,Fairly Easy,,Dessert,60,,Taste From Home,,,,,,#ERROR
Qahaq Cookies,⭐⭐,Average,,Dessert,30,,Taste From Home,,,,,,#ERROR
Blondies with Nutella,⭐⭐,Hard,,Dessert,90,,Taste From Home,,,,,,#ERROR
Hot Chocolate,⭐⭐⭐⭐⭐,Super Simple,,Dessert,10,,Taste From Home,,Milk,,,,#ERROR
Chocolate Mousse,⭐⭐⭐⭐,Hard,Whisk on stove until thick,Dessert,30,Image 23 June 2017 10:40 AM.jpg (https://v5.airtableusercontent.com/v1/16/16/1682006400000/ZPMpVSZn3do2DKDfg8wG2w/FKHDUyklnTBGMTjJHkjrA2aFaSRciROVuQLZ8DxqinwxhxX0Pl8shhROBMaIDlQxRHhtj19XRi59CNSHVZo82w/eyR03Ia1hHJrZSjfx68z9JOJAYSnZbgQvvPqJfx86s4),Taste From Home,,Eggs,,,,#ERROR
S'mores Cookie Bars,⭐⭐⭐⭐,Hard,,Dessert,45,,Taste From Home,,,,,,#ERROR
Orange Chicken,⭐⭐⭐⭐,Fairly Easy,,Main Dish,40,,Taste From Home,,"Chicken,Rice",,,,#ERROR
Tostadas,⭐⭐⭐,Super Simple,,Main Dish,20,,Taste From Home,,"Chicken,Cheese",,,,#ERROR
Black Bean Stuffed Sweet Potatoes,⭐,Fairly Easy,,Main Dish,20,,Taste From Home,,"Beans,Cheese",,,,#ERROR
Asian Shredded Beef,⭐⭐⭐⭐⭐,Super Simple,,Main Dish,30,Image 23 June 2017 11:19 AM.jpg (https://v5.airtableusercontent.com/v1/16/16/1682006400000/Lfg-jDUmmD33vAHQXd7XCQ/OiZLEmRyoAYqGdQKe469V8KSaYc1oTK66DJ2sErx4DMkWqN4xIh_uwM04705Q2CVQS0kPPPb7vtnfFwv_TPPsw/hjSCwciuwDsvFh-EbdDAGX5kKsrrLO3gRHEQrFmH95E),Taste From Home,,"Beef,Noodles",checked,,,#ERROR
"Capellini with sausage, spinach, and jalapeno",⭐⭐⭐⭐,Fairly Easy,,Main Dish,40,,Taste From Home,,"Sausage,Noodles",,,10/8/2018,7/11/2018
Crispy Chicken with Kale,⭐⭐,Fairly Easy,,Main Dish,45,,Taste From Home,,Chicken,,,,#ERROR
Roast Chicken Grain Bowl,⭐,Average,,Main Dish,60,,Taste From Home,,Chicken,,,,#ERROR
Chicken thighs with barley and peas,⭐⭐,Fairly Easy,,Main Dish,60,,Taste From Home,,Chicken,,,12/27/2018,27/2/2019
Rice noodles with meatballs and bok choy,⭐⭐⭐⭐,Hard,,Main Dish,45,,Taste From Home,,"Beef,Noodles",,,,#ERROR
Paprika Pork with Roasted Potatoes and Dill Cream,⭐⭐⭐,Fairly Easy,,Main Dish,60,,Taste From Home,,"Pork,Potatoes",,,,#ERROR
Chicken cutlets with carrot and kale salad,⭐⭐⭐,Average,,Main Dish,30,,Taste From Home,,Chicken,,,,#ERROR
Gnocchi and sweet potatoes,⭐⭐⭐,Fairly Easy,,Main Dish,20,,Taste From Home,,,,,,#ERROR
Shepherd's Pie,⭐⭐⭐⭐,Hard,,Main Dish,60,,Taste From Home,,"Beef,Potatoes",,,,#ERROR
Garlic Parmesan Chicken,⭐⭐,Super Simple,,Main Dish,45,,Taste From Home,,"Chicken,Rice",,,,#ERROR
Turkey Pot Pie,⭐⭐⭐,Fairly Easy,,Main Dish,60,,Taste From Home,,Turkey,,,,#ERROR
Balsamic Bacon Brussels Sprouts,⭐⭐⭐,Fairly Easy,,Side Dish,40,,Taste From Home,,Bacon,,,11/10/2018,27/12/2018
Lemon Red Potatoes,⭐⭐,Super Simple,,Side Dish,150,,Taste From Home,,Potatoes,,,,#ERROR
Potato and Corn Chowder,⭐⭐⭐,Super Simple,,Main Dish,20,,Taste From Home,,"Potatoes,Milk,Cheese",,,,#ERROR
Thai Chicken,⭐⭐⭐⭐⭐,Super Simple,,Main Dish,30,Image 22 May 2017 06:55 PM.jpg (https://v5.airtableusercontent.com/v1/16/16/1682006400000/82KqUCYXMd-pASBQigX_MQ/ihW5yU9vpt3DjUiS4hgU3cQAIrkQtglbvHsr8voCRySWs3AZCTgp3U0jmlL1844-OpY9orsJ5JZKj0ocJmBLDQ/f3RhuQwXPwww6KGnfwk2WO4IdCg-xnOragzmqen6_qo),,,"Chicken,Noodles,Eggs",,,5/22/2017,11/6/2017
Italian Fagoli Vegetable Soup,⭐⭐⭐⭐,Fairly Easy,I added pasta to make it heartier,Main Dish,45,Image 30 May 2017 05:01 PM.jpg (https://v5.airtableusercontent.com/v1/16/16/1682006400000/-S5Z16FNaz4PeKp9pu8O0w/VdRYryYwU1TooQWK9Nfdnmv0DzX4tiYbsx3abZdt0TZ_s-ni5HPQgQ9wpHw1AS2SlUhG2ASOWKYdR8bWK4wfAA/2Zc1-E9bpDh0a1rv3M2_RHV8jDGRwzF_WugOcfXf-F4),Taste From Home,,"Vegetarian,Beans,Noodles",,,5/30/2017,29/6/2017
Blueberry Pie,⭐⭐⭐⭐⭐,Fairly Easy,,Dessert,120,Image 23 June 2017 10:41 AM.jpg (https://v5.airtableusercontent.com/v1/16/16/1682006400000/CZjyG8WN3qqD_YJeArMunA/9ie4QPeCirpAh55JXC0uK5FrKdm83oQhd58qMFgAX3rrlCB9K-dGNKwTHEJdxlshsWZoVOLDVha-OKUjgbxufQ/w9O9Ku696xsYBcrJWoFZ2mpfzd3GhxZDqBcge8sJNR4),,,,,,6/19/2017,9/7/2017
Chocolate Pudding,⭐⭐⭐⭐,Fairly Easy,,Dessert,30,,,,,,,6/21/2017,21/7/2017
Browned Butter Beets,⭐⭐⭐⭐⭐,Hard,Roast longer than you think,Side Dish,120,Image 23 June 2017 10:46 AM.jpg (https://v5.airtableusercontent.com/v1/16/16/1682006400000/uSgcUZRNbNvHSc05kSDs-g/5qxTDISx8vHwGQsVY18OaQe1HjBwAP7JWx6rkPkpBcGnaTA9vl5P9CTmIpI2ujfckw2mWQrDosmxwwx2eOsRKQ/GkYCSLfnWZidOwFnNwsMDVQjro2MOkd8vrPnxyXCJ1s),Taste From Home,,"Beets,Breadcrumbs",,,6/4/2017,24/6/2017
Turkey Soup with Homemade Noodles,⭐⭐⭐⭐,Average,,Main Dish,120,Image 23 June 2017 11:22 AM.jpg (https://v5.airtableusercontent.com/v1/16/16/1682006400000/2yXgCjJIhPAT_Ta6tLdGEg/jwns2oWpW7opIfJP1gEKFuQvh6u7GX7FptLS9dQLdWE1-u2153VQ5WPoWZqEG_JP9y6Z6kMqco539SowXlzl7A/ZqJNAj7wIRGifklKPg_28-RYuIcbGsIKUYxYcXTWbBs),,,"Turkey,Noodles",,,11/17/2016,17/12/2016
Home fries,⭐⭐⭐⭐⭐,Super Simple,,Side Dish,45,Image 23 June 2017 11:27 AM.jpg (https://v5.airtableusercontent.com/v1/16/16/1682006400000/t3-XILbvoxmvOrQXyemSog/f0Uw5IHBdWTmqX_KBENpJaQMVuVoiHksODZhthX-_q6B_w9KBpR1l2cd932FdMVQeLSZIdaaP06Mlr_ev0lEaA/tqxVqnMjx3GyZDNJ0jW_ruZIFUWVsjKVZd__JJqRJLQ),,,Potatoes,,,,#ERROR
Chocolate Raspberry Torte,⭐⭐⭐⭐⭐,Hard,So good,Dessert,60,Image 23 June 2017 11:28 AM.jpg (https://v5.airtableusercontent.com/v1/16/16/1682006400000/N3uyGgmGAT5xdbTGGcCi0A/6eSCRoBkpT4sFjEyNMK-THVKpQLXAYEMyAkGGhcGhALXErBnVcT7EhtQbiWPkdwRih2fIlW7ieb3Gjf23A4Wcw/oPcb09tGkkRSTiXMM9609lqGyclXHJ7Ijh4bSKsJ5a4),,,"Eggs,Milk",,,10/11/2016,31/10/2016
Golden Latte,⭐⭐⭐⭐⭐,Super Simple,,Drink,20,Image 23 June 2017 11:31 AM.jpg (https://v5.airtableusercontent.com/v1/16/16/1682006400000/-2j9qcB-XjqozyiZBm6MBQ/n3bpf18ApzQwHVgPjA8owwJOPTR9Rw4gPI0gUQJvXf92T5Dzt6XsAkWc6m_lGJnEJmSk35iCzZzZBcbCdYZ8xQ/5QeNoOv0Swb1BBmzrlDPyVuIPOwBImbZ27lSfeWy6fg),Taste of Home,,Milk,,,,#ERROR
Fig Shake,⭐⭐⭐⭐,Fairly Easy,,Drink,10,Image 25 June 2017 10:12 AM.jpg (https://v5.airtableusercontent.com/v1/16/16/1682006400000/rY7iYHlglvwyXeUjACysTQ/LtmpZzh9WbRDlr-TNrR2P-kFOHovCEn5U9HBFoFhvbLBzqQAVznQTvOLEC14uco9eneSzCVEeVKbUCeNn0weHA/7nkWwvpFqHrYrlDS2WiJkwGj4a-3HEW3bl96Hw3h-40),,,Milk,,,,#ERROR
Lentil Soup,⭐⭐⭐,Average,Double it next time,Main Dish,60,,Pinterest,,"Lentils,Vegetarian,Carrots,Onion",,http://www.recipetineats.com/lentil-soup/,8/27/2017,13/10/2017
Buckwheat Tabboulah,⭐,Super Simple,Use more buckwheat,Main Dish,30,,Pinterest,,"Buckwheat,Vegetarian,Carrots,Onion",,http://rawmanda.com/buckwheat-tabbouleh/,8/26/2017,7/11/2017
Lentil Rice Bowls with Egg,⭐⭐⭐⭐,Fairly Easy,Add rice in after 15 minutes and use more water,Main Dish,60,IMG_20170828_182603.jpg (https://v5.airtableusercontent.com/v1/16/16/1682006400000/YLznGIWLTfFummMVESA10w/giQE1p-rYWMRE_XgEvHVS2ah9PUJqtAEprVfquIz1Xeh2TxOZIS4Iihz3gxCiEWR/9q_LdZR1gjrOMQmjIaetNFW8RJTsPLYyW-lJBNYoo5M),Pinterest,,"Rice,Lentils,Onion",,https://www.thekitchn.com/recipe-brown-rice-bowl-with-lentils-caramelized-onions-fried-egg-223112,1/5/2019,4/2/2019
Italian Vegetable Lentil Soup,⭐⭐⭐⭐,Fairly Easy,,Main Dish,60,IMG_20170902_192742.jpg (https://v5.airtableusercontent.com/v1/16/16/1682006400000/B6JBYl1Jzd7NN9mOicplNg/1_LqdmesStmEpgnL1qjsJYPvU-k2EbxMwWtoPjgROyN9p_oY_X_Sbgn9Pvylb7cN/Fo3b0spFbskB3zxPbn_aYVAkMDJRU0cg7W6OI0CRVsk),Pinterest,,"Lentils,Onion,Vegetarian",,http://www.cookingclassy.com/italian-vegetable-lentil-soup/,6/26/2018,26/7/2018
One Pot Chicken & Potatoes,⭐⭐⭐⭐,Super Simple,,Main Dish,90,IMG_20170906_181313.jpg (https://v5.airtableusercontent.com/v1/16/16/1682006400000/Z1KbyRrEgABg7IJHc2CMfg/y3Kow8yrpBkZ-ptKORJYR4VE_JdKTXbNJjCDE-GnieTVjVDQzbZpsuClN4bacTlT/5D8_lzM4veNp-qzh8MPS3B3eaLjMkiip2wcc0FlrGLM),Pinterest,,"Potatoes,Chicken,Carrots,Onion",,http://letthebakingbeginblog.com/2014/05/one-pot-chicken-potatoes/,9/30/2018,30/10/2018
Sweet Korean Lentils,⭐⭐⭐⭐⭐,Fairly Easy,DELICIOUS,Main Dish,45,IMG_20170903_192529.jpg (https://v5.airtableusercontent.com/v1/16/16/1682006400000/zeUZL61EhKx2UrsmcNQ_dA/8gG_MpncaeM1R9ZFBbO4T0o0ME5zczpgGhKHMeSnLi7VPmtObnsdSqb9Uokjmuxu/XXNR012rwF06gSnDwARQ0kU6EOKQx5Nl6SUE1gQNDCQ),Pinterest,,"Lentils,Rice,Onion",,https://itdoesnttastelikechicken.com/easyrecipe-print/7850-0/,2/18/2019,10/3/2019
Buckwheat Beetroot Salad,⭐⭐⭐,Average,,Main Dish,60,IMG_20170904_194839.jpg (https://v5.airtableusercontent.com/v1/16/16/1682006400000/HAvEt9t6Oy8_iSncBWrtTA/h9dQH2xmePrX0gCLiH4b0yGL5WRi3ORVIo-iUaVEvx9cnpH_KT7_juaLBbzlPhUB/NgWDF86kioh7PMPsC51u56Lm4G18HzVRXHCobYm-Pic),Pinterest,,"Beets,Buckwheat",,https://www.lazycatkitchen.com/warm-buckwheat-beetroot-salad/,12/13/2017,29/1/2018
New Potato Lentil Salad,⭐⭐⭐⭐,Fairly Easy,,Main Dish,50,IMG_20170905_205050.jpg (https://v5.airtableusercontent.com/v1/16/16/1682006400000/v_4hjqXq499UQjka7E8QvA/4egs254DAlNJwGKMfLwZZJC88R51MSTwoW2EveeAzWigRZhcYGfPuY11eXJLRvhc/k79qV53W756JEpQuW-onep5bpkHmkfnbaI5eJAmnsFY),Pinterest,,"Potatoes,Lentils",,http://www.occasionallyeggs.com/2016/08/roasted-new-potato-salad-with-lentils.html,1/16/2019,15/2/2019
Ham & Potato Soup,⭐⭐⭐⭐,Average,Super yummy,Main Dish,60,IMG_20170910_191325.jpg (https://v5.airtableusercontent.com/v1/16/16/1682006400000/wB0zQ-HMFNmg1NkMI2NBHg/x2S06RVf-E-kqjMDgKbm3U0s7OE-y7NF0n-o9IHJdAlFz8y6K-YOU4ZyyZSPIyn6/qU0y4hMPyFy10htH1aO3QFi-yaeO_K_bOylKk8R2_84),,,"Potatoes,Ham,Onion,Milk",,http://allrecipes.com/recipe/56927/delicious-ham-and-potato-soup/,7/15/2018,14/8/2018
Lemon Dill Potatoes,⭐⭐⭐⭐,Super Simple,,Main Dish,50,IMG_20170912_202005.jpg (https://v5.airtableusercontent.com/v1/16/16/1682006400000/e7xup5S99HR3EKQB-j9mhA/DkmZTmhtaCPDIiYLOB2MPw52yotw4wCmdG29_-yh8l_h7ILD0SaBfuKF_qPUnXkH/OhNBJNnjWHu7HZMGRPF3pzz_iz4ReH-bUDL8sFMv38g),Pinterest,,Potatoes,,https://tastespace.wordpress.com/2015/07/18/creamy-lemon-dill-roasted-potato-salad/,12/16/2018,15/1/2019
BBQ Lentils,⭐⭐⭐,Fairly Easy,Very good,Main Dish,60,IMG_20171001_183430.jpg (https://v5.airtableusercontent.com/v1/16/16/1682006400000/-ZHZIwIDS4K0nHNGlU9UKg/vyBBqZt3DsxBpXDTUMMDB_47MWvMidyShgrNvNV6GTuFEw3rGroLV9xKHUfrKPhI/NbLG185CkeskZEWv0tB_D6dNOuKJI-_-8zrXmlTv2Ac),Pinterest,,"Lentils,Rice",,https://www.rebootedmom.com/2017/08/05/barbecue-lentils-vegan-gluten-free-and-dairy-free/?utm_medium=social&utm_source=pinterest&utm_campaign=tailwind_tribes&utm_content=tribes,10/1/2017,17/11/2017
Healthy Buckwheat Soup,⭐⭐⭐,Super Simple,Eh,Main Dish,45,IMG_20170916_181235.jpg (https://v5.airtableusercontent.com/v1/16/16/1682006400000/JLS-5Y7AIBW_5-JVZFM61w/GDsN1fYW6bb9RBTQR6nBf3PBgUx3D_FBRiwg5UC7fRjOPeKCUIf7p3ZDSkFQ7sbP/LQqsv-HNN9GU2v4GFHFlY_RZJspv8OwyKHKoENDDtNE),Pinterest,,"Buckwheat,Carrots,Onion",,http://momsdish.com/recipe/385/healthy-buckwheat-soup,12/17/2017,2/2/2018
Buckwheat Chicken Pilaf,⭐⭐⭐⭐⭐,Hard,Extremely good,Main Dish,120,IMG_20170920_214256.jpg (https://v5.airtableusercontent.com/v1/16/16/1682006400000/6mdouE44rczLJXOoeZ-5Qg/ZVxSQzovjEuH_qN10rIZS6WgQ1ELD-sYz0iuZI-wTo-KjQqaXmuIxzHL7xNAcAWF/c3kMbsn_VMpr97v5Ird2gk1E-2x2gZJNmXdiEexr_6Y),Pinterest,,"Buckwheat,Carrots,Chicken,Onion",,https://natashaskitchen.com/buckwheat-and-beef-pilaf-plov/,1/19/2019,8/2/2019
Vegetable Noodle Soup,⭐⭐⭐⭐,Super Simple,"Luke's favorite way to eat noodles.  Absorbs a lot of water, need to add more second day",Main Dish,40,IMG_20170925_215045.jpg (https://v5.airtableusercontent.com/v1/16/16/1682006400000/nlRasMF1iXxMUiJ-N3wvPQ/HyDLeZ-t2yYrbIiegzZi1gwSX05H0XbFJ5I6mERGcxUuZ0-nofGVmSkwer3W9R7l/iDsy12oxbTuH_QoaldJnnXAdfvmkfuqi34Kc4lYbJR4),Pinterest,,"Carrots,Noodles",,http://thevegan8.com/2014/10/18/classic-vegan-noodle-soup/,8/28/2018,27/9/2018
Bacon and Honey Potato Salad,⭐⭐⭐,Fairly Easy,Don't cook bacon too long,Main Dish,45,IMG_20170926_202224.jpg (https://v5.airtableusercontent.com/v1/16/16/1682006400000/L6tt1-TnnJOTIzoFutTotQ/1ra7O-n_lIriooFER_PEJDIU_IjR5ZLtcV39alNupUsZkMxx6Sl_cLtlTbzaeDOX/LdpKxzR1fr4f0WwFOo_jfLln3O4G5zn4ccLBrOjXydk),Pinterest,,"Potatoes,Bacon",,https://www.smalltownwoman.com/warm-bacon-honey-mustard-potato-salad/,10/3/2017,19/11/2017
Pretzel Sticks,⭐⭐⭐⭐,Average,Flip pretzel sticks half way through,Baking Basics,60,IMG_20171004_185102.jpg (https://v5.airtableusercontent.com/v1/16/16/1682006400000/BVQ_cmDVMduZ_cnhpORXjQ/apjaM6mdsbaWbZu7jhsjoHOnngTBPIs2kZv8cNYWQtz8EICSvJ6V3xfyOa7mX2la/1GRMUIY_MAYqv1mrHGJrKJeScmnUoJI0TIwHxa_pUss),Pinterest,,"Eggs,Flour,Yeast",,https://gatherforbread.com/german-soft-pretzel-sticks/,10/4/2017,3/11/2017
Golden French Lentil Soup,⭐⭐⭐,Fairly Easy,Best lentil soup,Main Dish,60,IMG_20171008_191344.jpg (https://v5.airtableusercontent.com/v1/16/16/1682006400000/mQeQ3O3mbv8QwljfTdVQvQ/O7QtZvFEjeGOJkuJC2RMPiImU825aXaxnY-qJ2KiNiYRxs0VPOUyJa-yAfDiB44_/IjZAdSjirYuNglr5GaSPPE1tyv3omdcQshILp1SI1-o),Pinterest,,Lentils,,https://www.veggiesdontbite.com/vegan-lentil-stew-oh-she-glows-every-day/,2/1/2019,20/3/2019
Lentil Shepherd's Pie,⭐⭐⭐⭐⭐,Average,So good,Main Dish,90,IMG_20171010_202849.jpg (https://v5.airtableusercontent.com/v1/16/16/1682006400000/owdltmBmlKZ4QvcT8G9lcw/wBW37LdQzMuLURYuKYmBujv3AptZm77lqNVUuajNolEaWhCOfkELLe6Wrwcy2g6B/4JcBKx3ejprLwgHbcgSM8e6eXJfitZQOwprRe5Cbdac),Pinterest,,"Lentils,Carrots,Onion,Peas,Potatoes",,https://itdoesnttastelikechicken.com/seriously-the-best-lentil-shepherds-pie/,1/2/2018,22/1/2018
Honey Lime Chicken,⭐⭐⭐,Fairly Easy,Doesn't use the stove!  Sear chicken skin longer (+5 minutes),Main Dish,45,IMG_20171011_210405.jpg (https://v5.airtableusercontent.com/v1/16/16/1682006400000/B-_yOK5Q-PRIQbIF-2zY_A/azanWP0CZv9g2eSH-SGZL-blH1YV2NZUwBeblVt7e4KwZljVUU0pfppPazxTphSf/1e5V4biDlUXZzetlL7uidLKlY7ZWP3oey72YazRr3FQ),Pinterest,,"Chicken,Rice",,http://www.juliasalbum.com/2015/09/cilantro-lime-honey-chicken-thighs-recipe/,11/11/2017,28/12/2017
Lentil Curry,⭐⭐,Super Simple,Makes a ton,Main Dish,45,Image 05 November 2017 10:19 PM.jpg (https://v5.airtableusercontent.com/v1/16/16/1682006400000/XmRAGH1yunC3N3P8Ldwdfg/iGwSQapg7n9fW2WjNA3Z3h4b37WzTdRaKrjc9f9zkEvc3Bekj3YMHR5n2UQsHTVqD88d7_xNzv9VWcjcSBDIyw/zYFA_ews_vkyUBbPGx9JRRLAnV6txZL5tJBa2EQm5_Y),Pinterest,,"Lentils,Carrots,Onion",,https://www.forksoverknives.com/recipes/indian-curry-lentils/#gs.lUICmXM,1/3/2018,6/3/2018
Dutch Oven Bread,⭐⭐⭐⭐⭐,Super Simple,Bake at 180 for 25 min with lid and 15 min without,Baking Basics,60,Image 05 November 2017 10:21 PM.jpg (https://v5.airtableusercontent.com/v1/16/16/1682006400000/dMNyHJEf8kuzk1tsnddjLg/a_fpix1akjc-3NgAmborww86zrz3Sefd0FlxGcRXmfTmmA1q7qsBQO-577LvWXTWBz_6yIIXJLnWYqHezON5YA/pjsecB_Xg1rWv1Pq5UmYEVmAgAbBfk5XLpZ9yiHNybU),Pinterest,,"Flour,Yeast",,http://www.nutritiouseats.com/rosemary-dutch-oven-bread/,11/5/2017,25/11/2017
Potato Apple Roast,⭐⭐⭐⭐,Average,,Main Dish,45,IMG_20171030_190727.jpg (https://v5.airtableusercontent.com/v1/16/16/1682006400000/G6_QqGv9FKT0XxRWkHY-tQ/9G7gEvQ2_2D3QcFMEYVEcvt91XAu37X2SKejmXrLfC252_mQMYKhlXGkJpQ4ckAT/bPPYZpxm9OSppf5mpeK0uOcW_0F6SF-6_9wrRC1aPVo),Pinterest,,"Apple,Potatoes,Ham",,https://www.healthyseasonalrecipes.com/roasted-potatoes-with-apples-sausage-and-maple-mustard-glaze/,7/21/2018,20/8/2018
Baking Powder Biscuits,⭐⭐⭐⭐,Super Simple,,Baking Basics,30,IMG_20171025_194215.jpg (https://v5.airtableusercontent.com/v1/16/16/1682006400000/PPGu8IxA5cp9307DoW3HRQ/srNQDaplv10rfp3ZOQEmpaqFt8zUSVBGuxjG7pN8WeGl4M0PLw3H_DbqRy7mqTHp/B2UAYCnmXSYaIUkejWMGHcbX3Dz8yzzW-S0iY_UU12Q),Pinterest,,"Flour,Milk,Eggs",,https://www.kingarthurflour.com/recipes/baking-powder-biscuits-recipe,10/25/2017,24/11/2017
Sugar Cookies,⭐⭐⭐⭐⭐,Fairly Easy,,Baking Basics,25,IMG_20171018_201605 (1).jpg (https://v5.airtableusercontent.com/v1/16/16/1682006400000/cp7HszIT1O-UcUGs3pWsgw/-OrzJQ3Qb6H8PaUeyuRB5rnzTN74g3bRwrdcutRpO5Xt9jvnrbPxulR6sPjs7L7noi4EaCCuaVRSTnsVzK1igw/-6LB0AukCzg4PotJeWwESsSFKUJ1rItSkGRI5WVmpQs),Pinterest,,"Flour,Eggs",,https://deliciouslysprinkled.com/soft-sugar-cookies/,10/18/2017,7/11/2017
Potato Curry,⭐⭐⭐⭐,Fairly Easy,"Too tomatoey, use less tomato, more cream",Main Dish,35,IMG_20171017_203922.jpg (https://v5.airtableusercontent.com/v1/16/16/1682006400000/XfH3wj9smYo3GomNmjSFEw/9ThIu6FgBDGgcRgAuHD-JIPOAYX5VSa8qsLuIZciZTnPRrNDekHq3dgMnAqgnjqW/OgmlCcAWiGQzTzk-QmMbizxNFMi5roQM00wTTWh2ieQ),Pinterest,,"Potatoes,Vegetarian",,http://www.savorytooth.com/easy-weeknight-potato-curry/,1/14/2018,13/2/2018
Bucatini all'Amatriciana,⭐⭐⭐⭐,Hard,Very yummy,Main Dish,45,IMG_20171107_194756.jpg (https://v5.airtableusercontent.com/v1/16/16/1682006400000/9PLxwhiQoPOhbBySS8uB8Q/3XUURUTffa5Y878BVJaMkc5x6sD1_2yB9eBfQOq_9xX5VTek7Rutk9ZMEyP_V7zn/MPWQm8ozocUj5HbXMUZ8iUpxD963GKWtYWsH9YaGu8c),Pinterest,,"Noodles,Tomatoes,Bacon",,https://www.bonappetit.com/recipe/bucatini-all-amatriciana-2,7/19/2018,18/8/2018
Brioche Chocolate Rolls,⭐⭐⭐⭐,Fairly Easy,,Baking Basics,120,IMG_20171108_194838.jpg (https://v5.airtableusercontent.com/v1/16/16/1682006400000/cmIMFMEp7NglPTq38Ekw5A/NZzf7lq9rF5uBzohGKLw41SsJ3JdUzNnXzR7-alfTdui00Xlr39ZuYfvIQHSh7Bh/rakJEVgQKFKMAkY-2TVIrcBG7onDZVuuGSO-Auxxnf4),Pinterest,,"Flour,Eggs,Yeast,Fish",,https://tutti-dolci.com/2013/11/brioche-rolls-with-chocolate/,11/7/2017,7/12/2017
Naan,⭐⭐⭐⭐⭐,Fairly Easy,Don't fry too long,Baking Basics,45,IMG_20171115_202417.jpg (https://v5.airtableusercontent.com/v1/16/16/1682006400000/rEQWiJ8wBitg5HlpcD0t0w/gAA30ckbwi5R_ww-nF4RZIBLwTLUwSreI_J_neUpdUXLgaqGCwFlhQh_4d84e0v0/ltzLqOJWCYVuK-_bwfOSo2XTf6KI_qNz48-PYpxUbPI),Pinterest,,"Milk,Yogurt,Flour,Yeast",,https://food52.com/recipes/24144-homemade-naan?utm_source=cj&affil=cj&utm_medium=affiliate&utm_campaign=Food52+Shop&company=Skimlinks&website=7262954,1/3/2018,23/1/2018
Lemon Poppy Seed Scones,⭐⭐⭐⭐⭐,Super Simple,,Baking Basics,30,IMG_20171119_085520.jpg (https://v5.airtableusercontent.com/v1/16/16/1682006400000/0_L3T7-p9iIhVEY_Q9KYvg/So5KLOvlcduqUrM4JW-sq3IPL7hohKCnzxzZJVWlUdbjdkSyU1E9YK_EuAfaYEDg/pPnMUTYfFX9c_IvHMYlRCsAu5Oa3_pAv1m8ks08q3dI),Pinterest,,"Flour,Butter,Sour Cream",,http://barefootandbaking.blogspot.ru/2012/05/lemon-poppy-seed-scones.html,11/19/2017,9/12/2017
Balsamic Dijon Root Vegetables,⭐⭐⭐⭐,Fairly Easy,Really yummy - takes a long time to cook,Main Dish,150,IMG_20171118_193436.jpg (https://v5.airtableusercontent.com/v1/16/16/1682006400000/aEN8BpVgEWkZNcrlBUfSBg/AVu9HwklB3vuacGdAvwvN-yDHs_Hfb_BMETT4-YT85Rn90ZlYFArwTZIceF-YhDu/q6GN8nnVfgwhlehxNE4PlpcGmhYide49kq6905S6ivY),Pinterest,,"Potatoes,Onion,Carrots,Parsnips",,http://www.thecreativebite.com/balsamic-dijon-roasted-root-vegetables/,6/19/2018,19/7/2018
Best Baked Chicken Legs,⭐⭐⭐⭐⭐,Super Simple,Luke loves it,Main Dish,90,IMG_20171121_204505.jpg (https://v5.airtableusercontent.com/v1/16/16/1682006400000/Q-_UwrfRDhlBUbZQ9gVuyA/9_pKWu_p7vEcvlI082syxMEXaEMgSOPVYprRqxFaDAdxdRD69ycWrDcdiKyoNtvm/1OGojdGAnIznXpd7NsfeCq35uiRyNvrWGIfbAuUxX0I),Pinterest,,"Chicken,Rice",,https://www.blessthismessplease.com/chicken-legs/?m,1/11/2019,31/1/2019
Spanish Lentil Soup,,Fairly Easy,Burns in an enamel pot,Main Dish,60,,Pinterest,,"Ham,Lentils",,http://www.myrecipes.com/recipe/spanish-style-lentil-soup,11/19/2017,19/11/2017
Chocolate Chip Irish Soda Bread,⭐⭐,Average,Can use enamel pot instead of skillet,Baking Basics,60,,Pinterest,,"Flour,Chocolate Chips",,http://www.delish.com/cooking/recipe-ideas/recipes/a51728/irish-soda-bread-recipe/,12/2/2017,2/2/2018
Malteese Gilatti,⭐⭐,Average,Hard to get them toasty,Baking Basics,120,,Pinterest,,"Flour,Butter,Yeast",,http://www.ilovefood.com.mt/recipes/galletti-recipe/,12/17/2017,17/2/2018
Buckwheat Carrot and Onion,⭐⭐⭐⭐,Fairly Easy,,Main Dish,40,,Pinterest,,"Buckwheat,Carrots,Onion",,http://www.pinchofcinnamon.com/2011/12/cooking-buckwheat.html,1/10/2018,9/2/2018
Sweet Potatoes with Yogurt and Chickpeas,⭐⭐⭐⭐⭐,Fairly Easy,,Main Dish,30,,,,"Chickpeas,Potatoes,Yogurt,Eggs",,https://www.prevention.com/food/10-healthy-chickpea-recipes/slide/9,1/8/2019,28/1/2019
Spanish Chickpeas,⭐⭐⭐⭐⭐,Average,Don't forget to make Naan dough ahead of time,Main Dish,45,,,,"Chickpeas,Flour,Yogurt,Onion,Eggs",,https://www.prevention.com/food/10-healthy-chickpea-recipes/slide/3,1/21/2019,10/2/2019
Lemon Fettuchini,⭐⭐⭐⭐,Fairly Easy,,Main Dish,30,,,,"Noodles,Coconut milk",,https://veganheaven.org/recipe/lemon-spaghetti-with-spinach/,6/1/2018,1/7/2018
Chickpea Masala,⭐⭐⭐⭐⭐,Fairly Easy,Don't forget to make Naan dough ahead of time,Main Dish,40,IMG_20180326_175645649.jpg (https://v5.airtableusercontent.com/v1/16/16/1682006400000/RFUJ4FQtMLKrUxphMrCDDg/zjLv7pXl1ti1aAsS8vQmvXnE7qMKsKQj_6mAuS9xLmhYjC0uOMuXZukcOC7uJiCB/c0VpgcZqGgbUV2HB70N7Xp_tW2eTv6z1Kea4tBmITSE),,,"Chickpeas,Flour,Yogurt,Eggs",,,11/11/2018,1/12/2018
Chickpea Broccoli Pesto,⭐⭐⭐,Super Simple,,Side Dish,40,,,,"Broccoli,Chickpeas",,,6/1/2018,18/7/2018
Thai Veggie Soup,⭐⭐⭐,Average,,Main Dish,30,IMG_20180327_174117059.jpg (https://v5.airtableusercontent.com/v1/16/16/1682006400000/yXAsyUI7a_0DBg89irFvVw/6oyWZPqqeILOxjzwaz6NaaVDWPYnR3StjOhNHZTSqtmg6ycUMDgmycMzngRTiaEk/w9xrfAy1_mYpe04HWiZ8cQoexofPOcbJC96dUL5xSq0),,,"Coconut milk,Noodles",,https://www.budgetbytes.com/thai-curry-vegetable-soup/,7/11/2018,27/8/2018
Buttery Herb Chicken,⭐⭐⭐⭐,Fairly Easy,,Main Dish,20,IMG_20180401_180911317_HDR.jpg (https://v5.airtableusercontent.com/v1/16/16/1682006400000/ANT5LKBH-hPcvQHpLD7AaA/MwuYu7m2bZ-i1L3U-RnBeU9Zs0BphtN-ydsovxSgc5Klyjiiuj-VRGtTU75YAU-ufOl8rb5YGf5r9zlM-AYK8A/W-oqHlBbBEck2guuNUwWKvJNIwGpVT9BqdxX5U7ey3s),,,"Chicken,Rice",,,4/1/2018,1/5/2018
Rosemary Parsnips,⭐⭐⭐⭐⭐,Super Simple,Can throw in carrots as well,Main Dish,35,IMG_20180401_180921951_HDR.jpg (https://v5.airtableusercontent.com/v1/16/16/1682006400000/YdSnliNKJWNVMRJhi1f2eQ/sVvkIS5CJE3_2E69D9pqq4OSOjgli0pF9zDETZu9_nGTBLHN4KRyrQzI3kyEsRbsBCy-TCbEMDySHEx7LDWkEA/STU5nYI4Gz3Nx0EiJvAIxKKkG_7EDE6BeRUv2y92m5w),,,Parsnips,,,4/1/2018,21/4/2018
Balsamic Potatoes and Asparagus,⭐⭐⭐,Super Simple,Potatoes for 25 min then aspargus for 15,Main Dish,40,,,,"Potatoes,Asparagus",,http://wallflowerkitchen.com/balsamic-roasted-new-potatoes-asparagus/,3/30/2018,16/5/2018
Quinoa Brussels Sweet Potato Salad,⭐⭐⭐⭐,Average,,Main Dish,40,,,,"Quinoa,Brussels Sprouts ,Sweet potato",,https://laurenkellynutrition.com/sweet-potato-brussels-sprout-quinoa-bowl/,12/30/2018,29/1/2019
Thai Peanut Cabbage Quinoa,⭐⭐⭐⭐,Fairly Easy,,Main Dish,20,IMG_20180430_173418382_HDR.jpg (https://v5.airtableusercontent.com/v1/16/16/1682006400000/y-7RPDilhsDfiT566JsYjQ/kbNYO1ZIP5EyGG8YKeO46gqF6MPmi9gaTLfFAyq_z6DtPbf1rBL_032ZC6PAYxItiQaAtW3MpAc0JN_Xx8ErAA/WoxUjgk88TlXx6U0TK8vxoKjgM8aZAkDPcXcEm-lxdA),,,"Quinoa,Cabbage,Peanut",,https://cookieandkate.com/2017/thai-peanut-quinoa-salad-recipe/,2/16/2019,18/3/2019
Lemon Garlic Asparagus with Orzo,⭐⭐⭐,Average,,Main Dish,30,,,,"Orzo,Asparagus",,https://www.thegardengrazer.com/2018/03/lemon-garlic-orzo-with-asparagus.html,6/13/2018,30/7/2018
Moroccan Sweet Potato Lentil Stew,⭐⭐⭐,Average,,Main Dish,60,IMG_20180416_180744528.jpg (https://v5.airtableusercontent.com/v1/16/16/1682006400000/pwxSB7_yNPLqGimD0FDZwg/jOM8rDT885MyrAqKIRgFaYMq1LJiU9xpxhmm7yMzCaFhBzWv6Fi60kLBFmRqCSvS/Lzc3nszY9JGT9Ax0rLgyXpfBB7hJ7kAHvyV_WUOpE9o),,,"Sweet potato,Lentils,Spinach,Onion,Carrots",,https://monkeyandmekitchenadventures.com/moroccan-sweet-potato-lentil-stew/,4/16/2018,2/6/2018
Chia Crusted Salmon,⭐⭐⭐⭐,Fairly Easy,SO GOOD,Main Dish,20,IMG_20180406_181053651.jpg (https://v5.airtableusercontent.com/v1/16/16/1682006400000/JVTLg7CbQdXIFzNJJRcFJw/1YGMpQpBXkuPEZoCx7E7EXlIWp7r918xwzeP0wtYJ72QgYwOZDAgjF5I1MdVhWpI/FkUa8aReZJHwSJmxjS3wGzrrf2_w8CrSE3b0eNyMumQ),,,"Salmon,Chia",,https://houseandhome.com/recipe/chia-crusted-salmon-recipe/,8/4/2018,3/9/2018
Pinto Beans and Tomatillo Cilantro Lime Rice,⭐⭐⭐⭐⭐,Hard,Amazing flavor,Main Dish,60,IMG_20180418_174202925.jpg (https://v5.airtableusercontent.com/v1/16/16/1682006400000/Vh9IyiaXKSdIJ6v0Y0-C4g/OXzbyat7xiTm38xghdThIZnKOAayNPGSJLnMpfl_R24SKybWk-FrD-NKpZgTBZxr/fw3HewSyjsZg3QHJr_19ZIYTa8Y_UaPcuTh0ajzyMz8),,,"Beans,Rice,Onion,Tomatillo,Lime,Garlic",,https://www.thecuriouschickpea.com/mexican-pinto-beans-and-tomatillo-cilantro-lime-rice/,2/17/2019,9/3/2019
Thai Squash Soup,⭐⭐⭐,Average,,Main Dish,60,IMG_20180424_190711006_HDR.jpg (https://v5.airtableusercontent.com/v1/16/16/1682006400000/97aG7_QpD8EB0-EZHdzYtg/TbxWqZ2mX63YrCLsUYFQggWkKMZsU9Pl2G0gYdHY8QIcjw7g8lrqNk3CRHhPSMXbZuPQhUihFJa1vhrFAvF7VQ/yACfBAIrnONwARZxy2_YC0__GMo91xVJpuRYuw33n0Y),,,"Squash,Coconut milk,Peanut,Onion,Garlic,Carrots,Cilantro",,http://hostthetoast.com/thai-coconut-curry-butternut-squash-soup/,4/17/2018,3/6/2018
Roasted Carrot & Peanut Sauce,⭐⭐⭐⭐⭐,Average,Ask Luke for recipe link,Main Dish,75,IMG_20180426_174238611_HDR.jpg (https://v5.airtableusercontent.com/v1/16/16/1682006400000/prU_9z8vfcbOMvt1XmM-nw/Jka8pCQ_KvAu5y0gGuiFs8Qe5fUjE0-tZczcPOLq7Ttsa0V9Y4J7_1Qn3gz89O_KSCpevQtButTT5d2Qbg5lmA/w3DnbXADNQuCWKr4CnYjB8bs7eXcpZguZS_Q7KdxdIE),,,"Carrots,Peanut,Cilantro",,https://pinchofyum.com/lentil-curry-bowls-with-cilantro-cashew-sauce,2/11/2019,3/3/2019
Majoram White Wine Chicken,⭐⭐⭐⭐,Average,,Main Dish,120,IMG_20180609_195012555_HDR.jpg (https://v5.airtableusercontent.com/v1/16/16/1682006400000/XgmakBfQfzUeKy8xXfH0qg/u3U7op9p_liNxECUylnNSuzCFeYpRrY6LYUk_Qck-2BtUk35Y8ME99NSHzqFPAjUeULbHBkEyoj5TXabvJtOnw/INax5nGFulN5lY2D9LD8UHEki0ZAUJnUDBNpPW7UWVE),Pinterest,,"Chicken,Wine",,https://www.foodandwine.com/recipes/wine-baked-chicken-legs-with-marjoram,1/8/2019,7/2/2019
Marjoram Carrots,⭐⭐⭐⭐⭐,Fairly Easy,,Side Dish,30,IMG_20180609_195018909_HDR.jpg (https://v5.airtableusercontent.com/v1/16/16/1682006400000/v056ePDJH5MWTCDYb_Mvxg/i-GMrIAHZgjfpPzfMSyrN-Ec-oteIPuL0tqiv5rBJ_G6VpJfCyfQrRuz2_c1D_FlsUPWMRlP1cXwY_KcSjgVcw/_AHXeKiqZkmVub5D2GAIWMBO_yxvHJw15KYHiV817kk),Pinterest,,"Carrots,Garlic",,https://www.foodandwine.com/recipes/sauteed-carrots-lemon-and-marjoram,1/8/2019,28/1/2019
Soy Mustard Salmon,⭐⭐⭐⭐,Fairly Easy,,Main Dish,20,IMG_20180616_181210927_HDR.jpg (https://v5.airtableusercontent.com/v1/16/16/1682006400000/kWDW2mhcm8ztI4qJCsahkQ/bjJAiSmBD788p4O4aJDMPXJl2pzPvNJiyFvmKZqcm_zpD1gq9ayaexbPc2Xw9A1OgAyn3ZWcVZpiDYU4nJHCbw/DzG2RI8QMmprTUmvE9MST2avGh5_JyVrVbRmUHYiVS8),Sheet Pan Recipes,84,"Salmon,Soy Sauce,Dijon Mustard,Garlic,Ginger",,,6/16/2018,16/7/2018
Chive Butter Radishes,,,,,,,,,,,,6/16/2018,16/6/2018
Mango Chutney,⭐⭐⭐,Average,"Lots of chopping but easy clean up
Use less spices to allow mango and feta flavors more room",Side Dish,30,IMG_20180617_185026265_HDR.jpg (https://v5.airtableusercontent.com/v1/16/16/1682006400000/j_6QmdTpR2cVhD5rtnlQVw/KovN3DbrtPPjegBt21mne4zNGDc13BGJ-0a6-wKzRmI3eoF7kUQEOoO6uLwSfjlOa9PaOuP5Ey848NEQ6MhCOA/PuFrYOdSfoP-TBpKs09AaVwdWpX-TRNL64OCrGfwbbQ),Sheet Pan Recipes,,"Mango,Cheese,Apple,Raisins,Bell Pepper,Jalopeno Pepper",,,9/2/2018,19/10/2018
Vegetarian Chili,,,,Main Dish,,,Taste of Home,260,"Vegetarian,Tomatoes",,,7/8/2018,8/7/2018
Sweet Potato Breakfast Burritos,⭐⭐⭐⭐,,,Main Dish,,,,,Sweet potato,,https://www.ambitiouskitchen.com/healthy-sweet-potato-black-bean-avocado-breakfast-burritos/,11/1/2018,1/12/2018
Roasted Sweet Potato Lentil Salad,⭐⭐⭐⭐⭐,Fairly Easy,"Super healthy and yummy.

Combined two rexpies, use 1 c lentils, 3 sweet potatoes and add more celery and spinach.

Also use 1/4 tsp each paprika and cumin in dressing.",Salad,45,Image 07 July 2018 02:45 PM.jpg (https://v5.airtableusercontent.com/v1/16/16/1682006400000/RGLZ1OlO1KIjj6M14fyAbw/NwACzQgAv4eFuyWIUhsiiXcUCcyUyWe8Jf-Ue7qfsbbV6BKZMBT_mzBTpgbOqM2_73Qd6ygcCDd1Xyu58HJSgg/eYZ75oC0upTXFlDkuaYbqlHSS0tc_BedJfjwsERHNLQ),Pinterest,,"Lentils,Sweet potato,Spinach,celery",,https://www.melskitchencafe.com/roasted-sweet-potato-lentil-salad/,1/17/2019,6/2/2019
Cornbread,⭐⭐⭐,Fairly Easy,,Side Dish,40,Image 15 July 2018 05:04 PM.jpg (https://v5.airtableusercontent.com/v1/16/16/1682006400000/X9zk4ho1_WXXaHSusnbCVg/a7TyFVHyrI7Wvloi6F-7pPo7EkrFk_qrFN8gU52EpqvmpxHVyVUaN3Qyd6s8DAvGHXi7EaJYrFaxbrM3-H0Wzw/nfFTKSLWghPB5a6uUu5RL5LG3QysmrhUqZvivARW8Wo),Taste of Home,450,"Butter,Milk,Flour,Corn Meal,Baking Powder",,,7/8/2018,24/8/2018
Brussel Honey Lentil Quinoa,⭐⭐⭐,Fairly Easy,,Main Dish,,Image 17 July 2018 05:44 PM.jpg (https://v5.airtableusercontent.com/v1/16/16/1682006400000/oUJ_GgZ6DoW5tn-Dn5D45g/w228HbW3A4ACthQi44Av_5w3YWAdJkOYe1gCABuzRs6oIMve15tPFNXHsU67Rhrg93cRRQXSinacu87E7iEyCQ/6i60G5o5lgm6TvS7iTGtHluAWJfWsc7XT0cV8xKz7mE),,,"Brussels Sprouts ,Quinoa,Lentils,Onion",,https://www.thekitchn.com/recipe-honey-roasted-sprouts-and-lentils-and-quinoa-249782,10/15/2018,1/12/2018
Lentil Sweet Potato Curry,⭐⭐⭐⭐,Average,,Main Dish,60,Image 30 July 2018 07:44 PM.jpg (https://v5.airtableusercontent.com/v1/16/16/1682006400000/VRbn_fCW1q-kuo-Q2ymOEQ/EC1xwmE-Oh-GocFadKw8OFqe-hxzu96dkjJBmhKr4NXwi6eGU2PWz0yuCMcWe4TfnQubavQSGbQL_QoYXfHM9A/E_gLmZByt81JoAFz5S8vmnZz9wP_YJ0g8zDCiXx7ADU),Taste of Home,262,"Sweet potato,Apple,Lentils,Onion,Garlic,Tomatoes,Rice",,,7/30/2018,29/8/2018
Gnocci and white beans,⭐⭐⭐⭐,Average,,Main Dish,30,,Taste of Home,258,"Beans,Spinach,Tomatoes,gnocchi,Cheese",,,2/3/2019,5/3/2019
Pad Thai,⭐⭐⭐,Fairly Easy,,Main Dish,30,,Taste of Home,,"Vegetarian,Noodles",,,12/5/2018,21/1/2019
Kung Pao Chicken,⭐⭐,Fairly Easy,"Would be better with chicken breast, not legs",Main Dish,,IMG_20180825_175504336_HDR.jpg (https://v5.airtableusercontent.com/v1/16/16/1682006400000/QOYBZE4YZRvVQoMl8fYeSA/LUMQ-QMHbfKLZUlUTtCAeOovgGKTGzU4GytctZY7Q1GB0J2i0OtaibtT66Z3QcVPofPa__fl6EiLfRrD1zs0tA/gEZXUT6e_PTGDhjFMIcsm0lBJb-OnLykAmhkXKzweT4),,,"Chicken,Peanut,Water chestnuts",,,11/20/2018,21/1/2019
Mediterranean Tuna Steaks,⭐⭐⭐,Fairly Easy,Make some rice to go with it,Main Dish,,IMG_20180914_181912580_HDR.jpg (https://v5.airtableusercontent.com/v1/16/16/1682006400000/oDFbwhj7IzZ3Xt40BUd3wg/PsdFikicJDz2aP3YCxgZSgCEIcvGmqO3DZ-UdpG-oQFYvGdew_T9ciK-rZ9TNg4eJ_7M6JbjKlzRIjNcPqCCNw/8DCPFpbIsMiSbwHgJt7wfhrxDSPMgV2oP2oKo5H0lcw),,,"Tuna,Capers",,https://howtofeedaloon.com/mediterranean-tuna-steaks/,9/14/2018,31/10/2018
Spicy Black Bean Nachos,⭐⭐,,,Main Dish,,,,,"Beans,Adobo Chile",,https://www.mexicanplease.com/spicy-black-bean-nachos/,9/17/2018,18/11/2018
Tomato Basil Soup,⭐⭐⭐⭐,Average,,Main Dish,45,IMG_20180916_182754746.jpg (https://v5.airtableusercontent.com/v1/16/16/1682006400000/HJFEDx2rOpx_xy5Rxv341g/bosml3WRzeEUBTKxTmEJhumhhgL2yskOCWialLiNg9zzmCeMu3FMF8ty1THc9GJP/6UKcw2cninpqEGvGuBt7fACSY9UHmv_akhjMhPa4Olw),Good Housekeeping,60,"Tomatoes,Basil",,,1/12/2019,11/2/2019
Chewy Chocolate Chip COokies,⭐⭐⭐⭐⭐,Fairly Easy,,Dessert,30,IMG_20180804_143434172_HDR.jpg (https://v5.airtableusercontent.com/v1/16/16/1682006400000/IyQOFh3nVixMwtB5QYYn0A/UDdhOXsqHVv8Tl_p5ybxjbt_TuTLg-h2Nc8PwA58Nhq4dHHOurM8Y-TBWGdTggdXN-rhedJ_NM_Xfv-BiQqlRQ/uXUPTFqFYgTAIeDaNRe6gj7YWnBhbVesvsMSDdYBq-k),Pinterest,,"Butter,Chocolate Chips,Flour",,https://www.ihearteating.com/chewy-brown-sugar-chocolate-chip-cookie-recipe/,9/10/2018,30/9/2018
Quinoa Peanut Kale Curry,⭐⭐⭐⭐,Average,,Main Dish,45,IMG_20180823_204308156_HDR.jpg (https://v5.airtableusercontent.com/v1/16/16/1682006400000/Rm5l3BBQ3GQp_d8NAnfRqA/WhkXPFYtvtsH-xGdEUtgNKvn4fQUIJ8KH2TBH6LAWzJw9fLM_emmq5TLCs9OcUXF6w-PJOzYOBQrXjmK-1UFHA/aogFUvrvVYhoSYbSyrkH-AyX2Ibk_wMYeAym56Lxv3E),,,"Quinoa,Kale,Peanut,Cilantro,Onion,Coconut milk",,https://www.cookinglight.com/recipes/chickpea-and-kale-curry,12/28/2018,27/1/2019
Sweet Potato Lentil Curry with Pickled Onion,⭐⭐⭐⭐,Average,,Main Dish,60,"IMG_20180813_172915204_HDR.jpg (https://v5.airtableusercontent.com/v1/16/16/1682006400000/yoLTqrJbiXi1_bX7roS-nA/6WGSb4A1yN3vJZFYlo7Ra9mwlujb9THjYVF2IQB5ZA44tn-_yOtznPyBH5XGJE-duBaIQXo7u1XLHCyM-ipC-A/J3MltF4lpvu_R94d1FrxuagUlePxTbyeOD8upVXCHOg),IMG_20180813_172921095_HDR.jpg (https://v5.airtableusercontent.com/v1/16/16/1682006400000/HV-jNBAuKUeSp8D0PZi3HQ/lt_0Tx7WJ23jK4N0752V-YgG_eYTQoMsFgzmfwDp3npAOtwKtYe5KNuMNM0wQdzpvZTxzoJtXtKuNhtA7Exl8w/NWySrWP3XqN--WNn6ch56Ssy1FxQLXej8Eslzuqd9bk)",,,"Sweet potato,Red onion,Lentils,Ginger,Coconut milk,Cilantro",checked,https://www.cookinglight.com/recipes/sweet-potato-and-red-lentil-curry,2/2/2019,4/3/2019
Sardine Mediterranean Pasta,⭐⭐⭐,Fairly Easy,,Main Dish,30,IMG_20180814_172611816_HDR.jpg (https://v5.airtableusercontent.com/v1/16/16/1682006400000/thZ9VCuTI1vUonGM71IqVA/mwPENrQe_AdPHXUtrli1xZ8flZ4YouCePcPF7wHKNyez1X_xKbuWMGgDURUiyH2H9ZT9rqN--jglCQq2vOHSHA/PCQlD59rjeQvyy-cWz-su_KwxrvQMNHXYoGUNsHVrwg),,,"Sardine,Capers,Shallots,Lemon,Parsley",,https://toriavey.com/toris-kitchen/mediterranean-sardine-lemon-pasta/,2/4/2019,23/3/2019
Prosciutto apple flatbread pizza,⭐⭐⭐,Fairly Easy,,Main Dish,45,,Sheet Pan Suppers,,"Apple,Prosciutto,Cheese",,,9/23/2018,9/11/2018
Dill Cucumber Salmon,⭐⭐⭐⭐,Average,,Main Dish,30,Image 23 September 2018 09:05 AM.jpg (https://v5.airtableusercontent.com/v1/16/16/1682006400000/BWJsqpLMQ5lHyPVJFCIu2Q/ifG7nrUoNH8BAlF1kPC5iYsC5k9Rzbw5XnaLFqnlApQrWuJferu6KMR_5pvTqf_BWFW2C_GlNMz4dobQIg_AGw/ozt5hn74Tl5oei4UsEV9v3lfxinWzWNKMoYaL0yNsv0),Sheet Pan Suppers,,"Fish,Yogurt,Cucumber,Dill,Broccoli,Red onion",,,11/2/2018,2/12/2018
Vegetable Couscous,⭐⭐⭐⭐⭐,,,Main Dish,,,Good Housekeeping,380,"Couscous,Green Onion,Carrots",,,1/30/2019,19/2/2019
Talapia Tacos,⭐⭐⭐⭐,Fairly Easy,,Main Dish,30,,Sheet Pan Suppers,90,Tilapia,,,10/26/2018,25/11/2018
Roasted Mackerel,,,,,,,Taste of Home,,,,,11/30/2018,30/11/2018
Lentil Salsa Soup,⭐⭐⭐⭐,,,,,,Taste of Home,,,,,12/7/2018,6/1/2019
Pesto Tomato Penne,⭐⭐⭐,Super Simple,,Main Dish,20,,,,Pesto,,https://www.foodnetwork.com/recipes/giada-de-laurentiis/penne-with-sun-dried-tomato-pesto-recipe-1942250,1/13/2019,1/3/2019
Black Bean Soup,⭐⭐⭐⭐,Fairly Easy,,Main Dish,30,,Taste From Home,,,,,2/13/2019,15/3/2019
Balsamic Pork Chops,,,,,,,,,,,,2/14/2019,14/2/2019
